uuid,model_name,response,timestamp
2cbcd884a8f1437091f6218d92a0773a,gpt-5-mini-2025-08-07,Yes,2025-11-13T16:21:55.469928
93171d71b4a14ee7884e6655a4cdee57,gpt-5-mini-2025-08-07,No,2025-11-13T16:22:20.531231
898297b28f584394a828fc88423cbaac,gpt-5-mini-2025-08-07,No,2025-11-13T16:22:48.272157
efca21f322ba45cbb9871f81b33b0ea8,gpt-5-mini-2025-08-07,No,2025-11-13T16:23:01.606921
ae5a14ffc75249caa976ad1d2deda3e6,gpt-5-mini-2025-08-07,Yes,2025-11-13T16:23:28.031772
94602b09c30c438ba4ec9e6725f6b791,gpt-5-mini-2025-08-07,No,2025-11-13T16:23:47.710630
84296d0d8fe5423ba29efc9113cc1be8,gpt-5-mini-2025-08-07,Yes,2025-11-13T16:24:03.476915
ea75dfd383e44295a7e0776c2c3d0a2d,gpt-5-mini-2025-08-07,Yes,2025-11-13T16:24:15.970809
a1c9f08f91e04d96ac816c9b47ea9a2d,gpt-5-mini-2025-08-07,Yes,2025-11-13T16:24:25.601756
f3c5ee8841874552b83e5bafecf29af4,gpt-5-mini-2025-08-07,Yes,2025-11-13T16:24:36.996101
28c676414d984931909cf4f4638ede31,gpt-5-mini-2025-08-07,Yes,2025-11-13T16:24:52.394758
16334adddee542f18bab20aaa0831228,gpt-5-mini-2025-08-07,Yes,2025-11-13T16:25:00.728954
d4acb1dfe33440209e82f01b296f6798,gpt-5-mini-2025-08-07,No,2025-11-13T16:25:10.238269
c06bc57e946a49fcb7cbc0145eaeb688,gpt-5-mini-2025-08-07,Yes,2025-11-13T16:25:15.562722
44ac78b8d6694311b689ac7ed1cf0f25,gpt-5-mini-2025-08-07,No,2025-11-13T16:25:22.939156
06b1daccd9cc47d4922180dfd34c25eb,gpt-5-mini-2025-08-07,Yes,2025-11-13T16:25:32.370312
fd5f370b3b3c4523bfcf8060bb2c1971,gpt-5-mini-2025-08-07,No,2025-11-13T16:25:41.163550
5a1078e07aa5415996befe1fee68724e,gpt-5-mini-2025-08-07,No,2025-11-13T16:25:49.932811
ad3bafaea8214a0ca5c3de82fc5d1ff0,gpt-5-mini-2025-08-07,Yes,2025-11-13T16:26:02.165374
17ea78b91c6c408ea30c4e81c8a23bdf,gpt-5-mini-2025-08-07,Yes,2025-11-13T16:26:13.697653
25bb01ae76b7488d82d012a3cb498cbe,gpt-5-mini-2025-08-07,Yes,2025-11-13T16:26:35.743312
9453d15005ec4c1d8f9d01a9e5870d7e,gpt-5-mini-2025-08-07,Yes,2025-11-13T16:26:47.201717
1edc02ab5ce24ff99f8383d13a64946f,gpt-5-mini-2025-08-07,Yes,2025-11-13T16:27:08.238473
37cbbe291b024c16ac61d8f4a80d245e,gpt-5-mini-2025-08-07,Yes,2025-11-13T16:27:28.684031
2a75f79578d14bafb054cc0374567126,gpt-5-mini-2025-08-07,No,2025-11-13T16:27:34.862793
02698340a8af4e98bbfb3bd5fe07366b,gpt-5-mini-2025-08-07,Yes,2025-11-13T16:27:42.301298
eb1eb01f12644dabb7ad6deb6c377b16,gpt-5-mini-2025-08-07,No,2025-11-13T16:27:48.772504
52851b461efe491785fd3f475e4dbe8d,gpt-5-mini-2025-08-07,Yes,2025-11-13T16:27:59.832788
8e4449cceb7e454db34fb7e2d1de8b3c,gpt-5-mini-2025-08-07,No,2025-11-13T16:28:06.524688
8e9eda83a7be45629907032d311f41db,gpt-5-mini-2025-08-07,No,2025-11-13T16:28:17.847044
